,When?,What?,What exactly?,Who responsible?,Comments
Dienstag,,Packen,Hemd,,
,,,Ringe,,
,,,Papiere,,
,,,Reisepässe,,
,,,Jutebeutel (diverser Kram unter Kleiderstangen),,
,,,Unterhosen,,
,,,Kleider,,
,,,Anzug,,
,,,Schuhe,,
,,,Tüte Schleier und co,,
,,,Spiegel und Aufschrift,,
,,,Airwrap mitnehmen,,
,,,Steamer,,
,,,Langes kabel einpacken für notfälle,,
,,,Seifenblasen,,
,,,Kissen Cathrin,,
,,,Decken,,
,,Zu Matthias und melli fahren,,,
,,Golf putzen,,Christoph,
Mittwoch,09:00,Einkaufen,Cathrin zu Kählers,Christoph,
,09:00,,Für bolo,Christoph,
,,,Nudeln,Christoph,
,,,Parmesan,Christoph,
,,,Schmuck für golf,Christoph,
,,,Daim Torte,Christoph,
,,Bolo kochen,,Christoph,
,10 Uhr,Strauß besorgen für Standesamt,,Cathrin,
,,Hasselgrund schmücken,Schilder basteln,C&C,Vivi und Papa bescheid geben für Uhrzeit
,,,Blumen verteilen,C&C,
,,,Deko verteilen,C&C,
,,,Getränke hinbringen,Cathrin,
,,,Daimtorte hinbringen,Christoph,
,15:30,Zelt aufbauen,,Christoph,
,16:00/17:00,Larissa abholen,,Cathrin,
,,Bolo & Nudel packungen nach Hasselgrund bringen,,Christoph,
,,Checken dass Töpfe in Hasselgrund sind,,Christoph,
,,Golf schmücken mit weißen Bändchen,,Christoph (bzw Gisela fragen),
,,Cathrin schläft bei Kählers,,Cathrin,
,,Christoph schläft bei Schroeders,,Christoph,
Donnerstag,,Packen,Reisepass einpacken,,
,,,Sekt gläser,,
,,,Sekt,,
,,,Papiere (Parken und noch was?),,
,,,Seifenblasen,,
,,Anzug Hemd bügeln,,,
,,Frühstücken,,,
,,Kaffee,,,
,,Home workout,,,
,11:30,Fahren zum Standesamt,,,
,12:00,Treffen Standesamt,,,
,12:15,Alle hoch + Anmeldung im Standesamt mit Trauzeugen,,,
,12:30,Heiraten,,,
,13:00,Sektempfang,,,
,14:00,Autocorso Hasselgrund,,,
,,Ankunft Hasselgrund,,,
,,Getränke,,,
,,Bolo warm machen,,,
,,Nudeln kochen,,,
,~22:00,Aufräumen,,C&C,
,,Getränke und leftovers einpacken,,,
,,Cathrin schläft bei Kählers,,Cathrin,
,,Christoph schläft bei Schroeders,,Christoph,
Freitag,,Anzug Hemd bügeln,,Christoph,
,,Home workout,,Christoph,
,,Rasieren,,Christoph,
,,Dani bei Hasselgrund absetzen,,Christoph,
,,Entscheiden ob wir drinnen oder draußen heiraten,,,
,,Gartenklapptstühle besorgen (15 ca),,Christoph,
,,Hüpfburg abholen,,Christoph,
,,Cornhole abholen,,Christoph,
,,"Bänke sicherstellen, dass die abgeholt werden von Todde und Catha",,Christoph,
,10:00,Blumen abholen,,Cathrin,
,,Bredeneek setup,Hüfburg aufbauen,Christoph,
,,,Bierbänke draußen aufbauen,Christoph,
,,,Traubogen aufbauen,Cathrin,
,,,Blumen verteilen,Cathrin,
,,,Spiegel mit tischordnung aufstellen,Cathrin,
,,,Kabeltrommel sicherstellen,Christoph,
,,,Ersatzkabel(trommel mitbringen),Christoph,
,,,Cornhole aufbauen,Christoph,
,,,Tischkarten verteilen,Cathrin,
,,,Anhänger für bierbänke in Bredeneek stehen lassen,Christoph,
,,,WC box preppen,Cathrin,
,,,Zweites Kleid Steamen,Cathrin,
,,Evtl Pizzen besorgen für Preparty wenn nicht genug Snacks übrig sind,,Christoph,
,,Getränke und leftovers einpacken für preparty,,Christoph,
,17:00,Nach Sonnenmeer fahren (nur Christoph),,Christoph,
,,Party (evtl Fähre fahren aus Laboe),,,
,22:00,Nach Hause schlummi bummi (Christoph zu Schroeders),,,
,,Cathrin skipp Sonnenmeer und entspannt bei Kählers,,,
Samstag,09:00,Packen,Bier mitbringen für Trauzeugen,Christoph,
,,,Ringe,Christoph,
,,,Kühlpack für dicken Finger,Christoph,
,,,Ehegelübde,Christoph & Cathrin,
,,,Tasche packen mit frischen Klamotten mitnehmen für sonntag,Christoph & Cathrin,
,,,Bargeld mitbringen,Christoph,
,10:00,Duschen,,Christoph,
,11:00,Anziehen,,Christoph,
,11:30,Los nach Bredeneek,,Christoph,
,12:00,Bredeneek ankommen,,Christoph,
,,Bredeneek setup,Tischkarten verteilen prüfen,C&C,
,,,Eingedeckte tische prüfen,C&C,
,,,DJ setup checken,Musik Dinner,
,,,,Musik Party,
,,,,Musik draußen,
,,,,Mikro draußen,
,,,,Mikro dinner,
,,,Trauzeugen Bier geben,,
,,,Tiramius an Saleh geben,C&C,
,13:30,Fotoshooting,,,
,15:00,"Gäste begrüßen (Cathrin nicht anwesend - versteckt mit Larissa, Philine, Lisa)",,,
,15:30,Freie Trauung,,,
,16:30,Gruppen bild,,,
,,Sekt und snacks,,,
,~18:00,Rein,,,
,,Buffet eröffnen,,,
,22:00,First Dance,,,
,,Party,,,
,,Tiramius (gegen 12 oder so),,,
,03:00,Ende ,,,
,,Wir behalten Passat!,,,
,,Geschirr in Küche räumen lassen (Caterer fragen ob sie das machen können),,,
,,Zu Gasthof pennen,,,
Sonntag,08:30,Aufstehen,,,
,,Duschen und fresh machen,,,
,,Checkout + zum Schloss Dackeln,,,
,09:00,Am schloss sein,,,
,,Aufräumen,Bierbänke einpacken,,
,,,Sichergehen dass Geschirr in Küche ist,,
,,,Blumen einsammeln,,
,,,Sonstige Deko einpacken,,
,,,Spiegel einpacken,,
,,,Tischkarten einpacken,,
,,,Geschenke (wenn wir artig waren) einpacken,,
,,,Hüpfburg auf Anhänger verstauen und wegparken wo die nicht im Weg ist,,
,,,Cornhole einpacken,,
,,,Traubogen einpacken,,
,,,Polaroid stuff einpacken,,
,,,WC Sachen einpacken,,
,10:30,Abfahrt nach Achterwehr,,,
,,Bänke in Achterwehr aufbauen,,,
,,Frühstück and chill,,,
,,Diverse Gäste zum bahnhof bringen,,,
,19:00,Nach HH düsen,,,
,,Sachen packen,,,